{"cameraMode":{"drawMode":0,"name":"Shaded","section":"Shading Mode"},"sceneLighting":true,"audioPlay":false,"sceneViewState":{"m_AlwaysRefresh":false,"showFog":true,"showSkybox":true,"showFlares":true,"showImageEffects":true,"showParticleSystems":true,"showVisualEffectGraphs":true,"m_FxEnabled":false},"in2DMode":false,"pivot":{"x":-0.8781375288963318,"y":0.8272866606712341,"z":1.9077590703964234},"rotation":{"x":0.0018543502083048225,"y":-0.6337661147117615,"z":-0.0015087923966348172,"w":-0.7735387086868286},"size":1.9431586265563965,"orthographic":false}