{"cameraMode":{"drawMode":0,"name":"Shaded","section":"Shading Mode"},"sceneLighting":true,"audioPlay":false,"sceneViewState":{"m_AlwaysRefresh":false,"showFog":true,"showSkybox":true,"showFlares":true,"showImageEffects":true,"showParticleSystems":true,"showVisualEffectGraphs":true,"m_FxEnabled":false},"in2DMode":false,"pivot":{"x":0.07606446743011475,"y":2.9679970741271974,"z":-7.743680953979492},"rotation":{"x":0.07029036432504654,"y":-0.3015599548816681,"z":0.022299770265817643,"w":0.9505977630615234},"size":1.782378911972046,"orthographic":false}